{
  "n_clusters": 4,
  "residential_cluster_index": 0,
  "anomaly_mse_threshold": 0.03930928568470108,
  "centroids": [
    [
      0.7202558097553495,
      0.6869596680876292,
      0.6559821796702903,
      0.6264654415527405,
      0.5961410345905728,
      0.5690592846981696,
      0.5508229782973253,
      0.5218560332552844,
      0.48725987527489356,
      0.45670226381234724,
      0.4266771251738526,
      0.4009504814907333,
      0.3695375745866081,
      0.34737048977865104,
      0.32679311374842335,
      0.3103875751646509,
      0.29772795222149095,
      0.2823596852983703,
      0.27280602830843337,
      0.2687445695641005,
      0.26301152433887987,
      0.2643520402869839,
      0.2646316309305746,
      0.263183383500998,
      0.264895313565061,
      0.2616424985668656,
      0.2396309718271188,
      0.19151425602160743,
      0.14257630125595527,
      0.1115174342748578,
      0.07425037674999595,
      0.05169187333157201,
      0.04662370581787656,
      0.04926794852874897,
      0.05406189838043729,
      0.064957180191557,
      0.07206633905376433,
      0.08834497793461218,
      0.0933754478590568,
      0.09913609648391689,
      0.1042516300937727,
      0.10595087045695711,
      0.11021986800904895,
      0.1207406788424005,
      0.12974760039248046,
      0.1410990345559885,
      0.1489965443903135,
      0.1631169059046646,
      0.16679745179057065,
      0.17641954923692837,
      0.18628941378390723,
      0.196764492239913,
      0.20661315198559294,
      0.22587771864047457,
      0.23968554182115193,
      0.2506064909287599,
      0.2634932307721594,
      0.27505369948545644,
      0.2838453412596054,
      0.2927571263577961,
      0.29891968697420696,
      0.30667937811697277,
      0.30994717877499195,
      0.3159886142819985,
      0.31744244735738064,
      0.32087976975891586,
      0.3211518697829691,
      0.3193467682131238,
      0.32145690244510644,
      0.3287544154093816,
      0.35398956019110417,
      0.3924285652184617,
      0.45605574369289925,
      0.5380076482267276,
      0.6321481022037551,
      0.713080523283281,
      0.7619414829739964,
      0.7953246898756614,
      0.821063468863435,
      0.8394735227791692,
      0.8669125825634436,
      0.8882325428825777,
      0.9033663559453733,
      0.9173827177512638,
      0.9270094685175374,
      0.9363699252473384,
      0.9321247780827226,
      0.9225148281534865,
      0.9182527255439656,
      0.9160840237971419,
      0.8977712823751428,
      0.8714784067116771,
      0.843928101179233,
      0.8165969535899685,
      0.7871875855880386,
      0.7565316734375053
    ],
    [
      0.5965971052978062,
      0.5623483304559674,
      0.5242347140389668,
      0.4913772514800747,
      0.4533757669220662,
      0.4266709683912271,
      0.40082729510263765,
      0.3683202855122509,
      0.33616266291121505,
      0.30726737932234666,
      0.2786408985056764,
      0.2696681356807868,
      0.2633427017219583,
      0.23932225162769677,
      0.21402177958737353,
      0.19487036351395098,
      0.1741555070012838,
      0.1573211175747253,
      0.14633874378930353,
      0.14042340282492824,
      0.14286319977570475,
      0.15634878517975817,
      0.1631375260332707,
      0.1704022790757714,
      0.165315433982083,
      0.1729648742089021,
      0.15860995814698922,
      0.1193868924632365,
      0.07857716337612582,
      0.06054798949853124,
      0.05263139563541885,
      0.05649341330637221,
      0.08184018583995416,
      0.1103379802741375,
      0.13322445256136772,
      0.16087813514618673,
      0.1905479369671814,
      0.22557310104332118,
      0.2490426955877852,
      0.2765564769664567,
      0.3066335164498754,
      0.33571696449459115,
      0.3555512269772531,
      0.3822958213400325,
      0.40629203957022036,
      0.4253361238910205,
      0.44569321218449465,
      0.4629432332720941,
      0.4707303031611185,
      0.4761144050949097,
      0.4985802067831119,
      0.5105595801335425,
      0.5199311324687472,
      0.547047464913122,
      0.5619985165233772,
      0.5682603355603495,
      0.5828815202402838,
      0.5944672262781663,
      0.6130962885638442,
      0.6159049222772,
      0.6197710369568654,
      0.6178878411841165,
      0.61320748313679,
      0.613638029421625,
      0.6239291376757208,
      0.6348927718612893,
      0.6359286080068048,
      0.6316797741827604,
      0.6162216116919913,
      0.5995036543891106,
      0.6060144955697961,
      0.6192586029788191,
      0.6719197966256845,
      0.7335722774139275,
      0.8109281171691476,
      0.8835651348569624,
      0.9209978770500327,
      0.9393903013305582,
      0.947523285813718,
      0.9496170375527425,
      0.9586720039584697,
      0.9609547397101758,
      0.9629694764446913,
      0.9587162010936771,
      0.950418663874387,
      0.9464089484804975,
      0.9277076066043202,
      0.9057013299836908,
      0.8855274540645373,
      0.8662637062566261,
      0.8307650107327744,
      0.8016325880911171,
      0.7633801152750936,
      0.7192234967956231,
      0.6800541584100852,
      0.6363195877496011
    ],
    [
      0.479691904619149,
      0.4383071792102899,
      0.403558943211589,
      0.3797731487667433,
      0.3444568846516316,
      0.31692863884971023,
      0.2925654744835972,
      0.266969862921317,
      0.24178871545620256,
      0.2215289169204724,
      0.20291105087141803,
      0.18493630474102724,
      0.16131988215952456,
      0.14047666763639793,
      0.12286206714157426,
      0.10511054390087342,
      0.09128614180917118,
      0.08293446644190099,
      0.06935144633229445,
      0.059627536556878385,
      0.053073055709930456,
      0.042755702992322966,
      0.03114463937901621,
      0.03125868833818063,
      0.034127086270655804,
      0.04491846506979516,
      0.061100965812622365,
      0.05900601789140911,
      0.07240799492188048,
      0.08931340253461992,
      0.10809877337806563,
      0.1577866264539496,
      0.2213790884144919,
      0.28766475563864313,
      0.36835070160327493,
      0.4461684342889929,
      0.49507661224653166,
      0.5367585187112225,
      0.5873629759658264,
      0.6240545666384385,
      0.6508599192419314,
      0.676869864911222,
      0.7053203845226339,
      0.7152923292790636,
      0.734362153899639,
      0.7357478550756701,
      0.7470511617069814,
      0.7562744776188008,
      0.7602315381700316,
      0.7620110778350273,
      0.7692528894083465,
      0.7762307269676546,
      0.7992808368937577,
      0.8446694221943996,
      0.8734300570044531,
      0.8891395692195752,
      0.9021600172070307,
      0.9158939185441315,
      0.9272569397333921,
      0.9315459653228739,
      0.9396687115849791,
      0.9451236926860407,
      0.9496102128621637,
      0.9477099762651093,
      0.9427708078077827,
      0.9311142019284165,
      0.9237703907543349,
      0.908360382705723,
      0.886605211272824,
      0.8525120851960091,
      0.8297249817241108,
      0.8170737777394083,
      0.8090245363192319,
      0.8130440897575009,
      0.8334464936620969,
      0.8446530985936076,
      0.8362912478661171,
      0.8136082450401787,
      0.8016543710468726,
      0.797108834045768,
      0.7861852193032798,
      0.7787491917321072,
      0.7801037480380518,
      0.7860297162535298,
      0.7724605967119678,
      0.7624829256870443,
      0.7429225552703947,
      0.7180813844576692,
      0.7043786542595187,
      0.6828549011677509,
      0.6618280431736834,
      0.6431579807721957,
      0.6183612374833718,
      0.5843049732682416,
      0.5537811000376089,
      0.5232481840185912
    ],
    [
      0.20916875947838337,
      0.16729523278237335,
      0.14159159017400852,
      0.12423570555815128,
      0.10976011939012231,
      0.09391326890845608,
      0.080604765482652,
      0.0728669546069678,
      0.06638899147211569,
      0.061340268650145746,
